-- Insert games
insert into game (id, time, host_team, visitors_team, live_odds) values (1, '2021-01-20 07:41:09', 'Skyndu', 'Keeling-Heaney', 2.46);
insert into game (id, time, host_team, visitors_team, live_odds) values (2, '2020-06-26 09:34:30', 'Quatz', 'Hackett, Hudson and Rippin', 3.33);
insert into game (id, time, host_team, visitors_team, live_odds) values (3, '2020-08-14 09:31:02', 'Mita', 'Rodriguez-Harris', 3.9);
insert into game (id, time, host_team, visitors_team, live_odds) values (4, '2020-10-30 09:53:07', 'Browsebug', 'Little Group', 2.61);
insert into game (id, time, host_team, visitors_team, live_odds) values (5, '2020-07-15 04:03:03', 'Realbuzz', 'Mertz-Hermann', 1.83);
insert into game (id, time, host_team, visitors_team, live_odds) values (6, '2020-06-15 00:16:36', 'Kazio', 'Moen Group', 4.31);
insert into game (id, time, host_team, visitors_team, live_odds) values (7, '2021-03-12 23:32:06', 'Youtags', 'Feil Group', 4.79);
insert into game (id, time, host_team, visitors_team, live_odds) values (8, '2020-05-31 02:04:52', 'Skippad', 'Wuckert Group', 1.55);
insert into game (id, time, host_team, visitors_team, live_odds) values (9, '2020-10-19 13:53:44', 'Latz', 'Cremin LLC', 4.58);
insert into game (id, time, host_team, visitors_team, live_odds) values (10, '2020-08-01 18:52:13', 'Kazio', 'Gleichner-Conn', 1.99);
insert into game (id, time, host_team, visitors_team, live_odds) values (11, '2020-08-27 09:13:22', 'Mydo', 'Brakus Group', 3.22);
insert into game (id, time, host_team, visitors_team, live_odds) values (12, '2021-03-31 07:00:33', 'Oyope', 'Buckridge Group', 2.83);
insert into game (id, time, host_team, visitors_team, live_odds) values (13, '2020-09-24 20:00:37', 'Photofeed', 'Jenkins Group', 3.75);
insert into game (id, time, host_team, visitors_team, live_odds) values (14, '2021-01-10 03:36:27', 'Avaveo', 'Nikolaus and Sons', 4.58);
insert into game (id, time, host_team, visitors_team, live_odds) values (15, '2020-12-30 02:16:53', 'Yabox', 'Bahringer-Auer', 2.53);
insert into game (id, time, host_team, visitors_team, live_odds) values (16, '2020-12-30 07:15:40', 'Lazz', 'Murphy-Feeney', 1.18);
insert into game (id, time, host_team, visitors_team, live_odds) values (17, '2020-12-25 04:10:24', 'Jabberstorm', 'Haag, Stark and Kessler', 1.64);
insert into game (id, time, host_team, visitors_team, live_odds) values (18, '2020-11-25 12:27:58', 'Twinte', 'Goldner Group', 1.31);
insert into game (id, time, host_team, visitors_team, live_odds) values (19, '2020-10-16 19:34:35', 'Devpulse', 'Kunze-Hermann', 2.15);
insert into game (id, time, host_team, visitors_team, live_odds) values (20, '2021-01-13 20:51:30', 'Teklist', 'Dooley Group', 1.54);
insert into game (id, time, host_team, visitors_team, live_odds) values (21, '2020-12-29 13:12:34', 'Browsebug', 'Hayes Inc', 1.54);
insert into game (id, time, host_team, visitors_team, live_odds) values (22, '2021-01-18 21:01:42', 'Muxo', 'Dibbert-Hilll', 2.67);
insert into game (id, time, host_team, visitors_team, live_odds) values (23, '2020-06-26 12:20:27', 'Thoughtstorm', 'Schimmel, Huel and Yost', 2.93);
insert into game (id, time, host_team, visitors_team, live_odds) values (24, '2021-03-26 03:15:26', 'Ozu', 'Macejkovic, Roberts and Schulist', 3.77);
insert into game (id, time, host_team, visitors_team, live_odds) values (25, '2020-05-23 04:31:30', 'Eare', 'Cummerata Inc', 1.06);
insert into game (id, time, host_team, visitors_team, live_odds) values (26, '2021-03-26 09:05:51', 'Devshare', 'McLaughlin Group', 1.96);
insert into game (id, time, host_team, visitors_team, live_odds) values (27, '2020-08-26 05:02:02', 'Edgeify', 'Sanford-Terry', 1.57);
insert into game (id, time, host_team, visitors_team, live_odds) values (28, '2020-07-28 23:33:22', 'Linkbuzz', 'Greenholt and Sons', 3.52);
insert into game (id, time, host_team, visitors_team, live_odds) values (29, '2020-07-24 13:26:33', 'Brainbox', 'Rohan and Sons', 3.7);
insert into game (id, time, host_team, visitors_team, live_odds) values (30, '2020-07-21 10:18:54', 'Katz', 'Tillman Group', 1.98);
insert into game (id, time, host_team, visitors_team, live_odds) values (31, '2020-07-31 19:19:48', 'Babblestorm', 'Harvey, O''Conner and Ullrich', 3.9);
insert into game (id, time, host_team, visitors_team, live_odds) values (32, '2020-07-05 02:57:05', 'Blognation', 'Ritchie-Gorczany', 2.36);
insert into game (id, time, host_team, visitors_team, live_odds) values (33, '2020-04-11 18:49:17', 'Myworks', 'Romaguera, Gibson and Batz', 4.3);
insert into game (id, time, host_team, visitors_team, live_odds) values (34, '2020-08-09 19:01:11', 'Zava', 'Mosciski, Bartoletti and Erdman', 3.24);
insert into game (id, time, host_team, visitors_team, live_odds) values (35, '2020-12-03 03:48:38', 'Leexo', 'Morissette, Witting and Kilback', 3.04);
insert into game (id, time, host_team, visitors_team, live_odds) values (36, '2020-07-02 07:19:43', 'Yodoo', 'Bins Group', 3.95);
insert into game (id, time, host_team, visitors_team, live_odds) values (37, '2020-05-05 23:15:04', 'Dynava', 'Reilly Inc', 2.4);
insert into game (id, time, host_team, visitors_team, live_odds) values (38, '2020-11-20 18:23:41', 'Quire', 'Hoeger and Sons', 2.89);
insert into game (id, time, host_team, visitors_team, live_odds) values (39, '2020-06-08 07:12:37', 'Trilia', 'Kiehn, Kuhlman and Friesen', 2.1);
insert into game (id, time, host_team, visitors_team, live_odds) values (40, '2020-06-03 16:45:07', 'Eadel', 'Blanda, Kunze and Rice', 3.55);
insert into game (id, time, host_team, visitors_team, live_odds) values (41, '2020-10-23 08:01:08', 'Quimba', 'Altenwerth-Brakus', 2.02);
insert into game (id, time, host_team, visitors_team, live_odds) values (42, '2021-03-04 16:26:39', 'Jabbertype', 'Green Inc', 1.25);
insert into game (id, time, host_team, visitors_team, live_odds) values (43, '2020-05-21 01:24:35', 'Voonder', 'Waelchi, Jacobi and Bashirian', 3.18);
insert into game (id, time, host_team, visitors_team, live_odds) values (44, '2020-11-02 19:43:08', 'Photobug', 'Maggio, Monahan and Rau', 4.32);
insert into game (id, time, host_team, visitors_team, live_odds) values (45, '2020-10-02 03:02:21', 'Linkbuzz', 'Funk-Conn', 1.7);
insert into game (id, time, host_team, visitors_team, live_odds) values (46, '2020-06-10 13:15:31', 'Feedmix', 'Beier-Witting', 4.13);
insert into game (id, time, host_team, visitors_team, live_odds) values (47, '2021-01-31 11:53:19', 'Skalith', 'Sauer Group', 1.08);
insert into game (id, time, host_team, visitors_team, live_odds) values (48, '2020-08-18 18:17:34', 'Meezzy', 'Bartell, Kub and Schmitt', 3.96);
insert into game (id, time, host_team, visitors_team, live_odds) values (49, '2020-05-22 11:09:40', 'Rhyzio', 'Bahringer, Barton and Mann', 1.24);
insert into game (id, time, host_team, visitors_team, live_odds) values (50, '2020-07-08 04:18:08', 'Quaxo', 'Hammes-Ritchie', 2.99);
insert into game (id, time, host_team, visitors_team, live_odds) values (51, '2020-11-18 11:20:50', 'Mybuzz', 'Spinka and Sons', 1.46);
insert into game (id, time, host_team, visitors_team, live_odds) values (52, '2020-07-08 01:55:01', 'Myworks', 'McDermott LLC', 2.73);
insert into game (id, time, host_team, visitors_team, live_odds) values (53, '2020-12-20 15:38:52', 'Avavee', 'Huel, Donnelly and Kutch', 4.9);
insert into game (id, time, host_team, visitors_team, live_odds) values (54, '2021-01-24 20:38:46', 'Browsebug', 'Connelly-Kuvalis', 1.81);
insert into game (id, time, host_team, visitors_team, live_odds) values (55, '2020-09-06 21:02:22', 'Feednation', 'Altenwerth, Jacobi and Nader', 2.12);
insert into game (id, time, host_team, visitors_team, live_odds) values (56, '2021-04-01 17:09:57', 'Trunyx', 'Botsford-Goodwin', 2.33);
insert into game (id, time, host_team, visitors_team, live_odds) values (57, '2020-06-08 12:11:12', 'Mybuzz', 'Boehm, Bahringer and Lind', 2.6);
insert into game (id, time, host_team, visitors_team, live_odds) values (58, '2020-04-24 00:12:25', 'Blognation', 'Waelchi, Paucek and Moen', 4.87);
insert into game (id, time, host_team, visitors_team, live_odds) values (59, '2021-03-22 02:23:09', 'Quatz', 'Hills, Koch and Greenholt', 1.53);
insert into game (id, time, host_team, visitors_team, live_odds) values (60, '2020-12-16 11:35:09', 'Demivee', 'Keebler-Wintheiser', 2.14);
insert into game (id, time, host_team, visitors_team, live_odds) values (61, '2020-08-11 06:57:57', 'Centidel', 'Kiehn, Sipes and Ratke', 2.68);
insert into game (id, time, host_team, visitors_team, live_odds) values (62, '2020-06-10 04:51:43', 'Twitterbeat', 'Hartmann, Mitchell and Koss', 3.49);
insert into game (id, time, host_team, visitors_team, live_odds) values (63, '2020-10-03 23:42:03', 'Ntag', 'Bartell LLC', 2.73);
insert into game (id, time, host_team, visitors_team, live_odds) values (64, '2020-04-03 14:34:49', 'Photofeed', 'Powlowski-McLaughlin', 2.46);
insert into game (id, time, host_team, visitors_team, live_odds) values (65, '2020-07-24 15:35:03', 'Rhybox', 'Carter, Mayer and Lockman', 4.19);
insert into game (id, time, host_team, visitors_team, live_odds) values (66, '2020-10-12 04:32:26', 'Meevee', 'Medhurst Inc', 3.42);
insert into game (id, time, host_team, visitors_team, live_odds) values (67, '2020-05-05 21:56:39', 'Chatterpoint', 'Stracke-Marks', 2.63);
insert into game (id, time, host_team, visitors_team, live_odds) values (68, '2020-11-28 01:08:14', 'Yombu', 'Fadel Group', 4.01);
insert into game (id, time, host_team, visitors_team, live_odds) values (69, '2020-04-07 09:48:17', 'Tagopia', 'Moore, Graham and Dicki', 2.9);
insert into game (id, time, host_team, visitors_team, live_odds) values (70, '2020-07-30 17:13:45', 'Yata', 'Wiza, Durgan and Langworth', 2.11);
insert into game (id, time, host_team, visitors_team, live_odds) values (71, '2021-03-13 07:25:23', 'Roombo', 'Heidenreich and Sons', 1.25);
insert into game (id, time, host_team, visitors_team, live_odds) values (72, '2020-09-25 22:36:54', 'Jayo', 'Nolan-Rohan', 2.98);
insert into game (id, time, host_team, visitors_team, live_odds) values (73, '2020-08-27 03:26:19', 'Kazio', 'Goldner LLC', 2.7);
insert into game (id, time, host_team, visitors_team, live_odds) values (74, '2020-05-19 00:47:52', 'Yambee', 'Jerde Inc', 3.99);
insert into game (id, time, host_team, visitors_team, live_odds) values (75, '2021-03-05 21:39:15', 'Skidoo', 'Anderson-Anderson', 4.44);
insert into game (id, time, host_team, visitors_team, live_odds) values (76, '2020-05-02 21:12:00', 'Twitterbeat', 'Marquardt, Kautzer and Gaylord', 4.19);
insert into game (id, time, host_team, visitors_team, live_odds) values (77, '2020-09-24 11:56:30', 'Browsezoom', 'Davis, Conn and Simonis', 2.4);
insert into game (id, time, host_team, visitors_team, live_odds) values (78, '2021-02-19 23:37:38', 'Divape', 'Feil-Langosh', 2.38);
insert into game (id, time, host_team, visitors_team, live_odds) values (79, '2021-03-09 05:53:23', 'Topiczoom', 'Daniel-Moore', 1.8);
insert into game (id, time, host_team, visitors_team, live_odds) values (80, '2021-03-13 13:57:03', 'Twitternation', 'Kuhic-Hayes', 2.34);
insert into game (id, time, host_team, visitors_team, live_odds) values (81, '2021-02-25 07:23:35', 'Podcat', 'Little, Torp and Cronin', 4.92);
insert into game (id, time, host_team, visitors_team, live_odds) values (82, '2021-01-14 06:10:18', 'Realfire', 'Beier-Hane', 4.1);
insert into game (id, time, host_team, visitors_team, live_odds) values (83, '2021-02-23 21:31:54', 'Kwilith', 'Halvorson LLC', 3.48);
insert into game (id, time, host_team, visitors_team, live_odds) values (84, '2020-04-22 08:05:14', 'Fiveclub', 'Metz, Sawayn and Rogahn', 2.09);
insert into game (id, time, host_team, visitors_team, live_odds) values (85, '2021-02-04 14:42:45', 'Trilia', 'Gleason, Welch and Bechtelar', 3.74);
insert into game (id, time, host_team, visitors_team, live_odds) values (86, '2020-10-28 22:00:09', 'Demivee', 'Schoen, O''Reilly and Casper', 1.86);
insert into game (id, time, host_team, visitors_team, live_odds) values (87, '2020-04-05 08:59:13', 'Oyonder', 'Walter, Zieme and Cormier', 1.32);
insert into game (id, time, host_team, visitors_team, live_odds) values (88, '2020-07-01 21:23:34', 'Riffwire', 'Crist, Dibbert and Rice', 4.24);
insert into game (id, time, host_team, visitors_team, live_odds) values (89, '2020-08-31 18:13:54', 'Dynazzy', 'Casper, Shanahan and Herzog', 4.24);
insert into game (id, time, host_team, visitors_team, live_odds) values (90, '2020-07-21 19:14:35', 'Voolith', 'Stoltenberg-Bayer', 4.04);
insert into game (id, time, host_team, visitors_team, live_odds) values (91, '2020-11-04 00:49:16', 'Fivespan', 'Metz, Lowe and McKenzie', 1.0);
insert into game (id, time, host_team, visitors_team, live_odds) values (92, '2021-01-21 12:43:14', 'Topicware', 'Dach LLC', 4.53);
insert into game (id, time, host_team, visitors_team, live_odds) values (93, '2020-10-08 20:25:59', 'Kwilith', 'Howe and Sons', 1.64);
insert into game (id, time, host_team, visitors_team, live_odds) values (94, '2020-12-26 07:07:54', 'Dabvine', 'Fahey Group', 2.93);
insert into game (id, time, host_team, visitors_team, live_odds) values (95, '2020-05-12 16:23:07', 'Twitternation', 'Sanford-Hills', 2.13);
insert into game (id, time, host_team, visitors_team, live_odds) values (96, '2020-06-04 21:35:49', 'Meejo', 'Johnson, Roberts and Nitzsche', 1.12);
insert into game (id, time, host_team, visitors_team, live_odds) values (97, '2021-02-14 14:59:23', 'Riffpedia', 'Luettgen, Funk and Lynch', 2.7);
insert into game (id, time, host_team, visitors_team, live_odds) values (98, '2020-04-24 15:53:39', 'Kimia', 'Koepp-Pacocha', 1.94);
insert into game (id, time, host_team, visitors_team, live_odds) values (99, '2020-08-08 22:25:20', 'Photospace', 'Zemlak-Schinner', 4.86);
insert into game (id, time, host_team, visitors_team, live_odds) values (100, '2020-04-12 18:58:39', 'Twimm', 'Mertz, Swaniawski and Moen', 4.73);

-- Insert users
insert into users (id, login) values (1, 'Ricki');
insert into users (id, login) values (2, 'Kellina');
insert into users (id, login) values (3, 'Anita');
insert into users (id, login) values (4, 'Torry');
insert into users (id, login) values (5, 'Orelie');
insert into users (id, login) values (6, 'Alford');
insert into users (id, login) values (7, 'Terrence');
insert into users (id, login) values (8, 'Clarance');
insert into users (id, login) values (9, 'Alanah');
insert into users (id, login) values (10, 'Cammi');
insert into users (id, login) values (11, 'Elsa');
insert into users (id, login) values (12, 'Delores');
insert into users (id, login) values (13, 'Rees');
insert into users (id, login) values (14, 'Fritz');
insert into users (id, login) values (15, 'Bobinette');
insert into users (id, login) values (16, 'Fairlie');
insert into users (id, login) values (17, 'Casi');
insert into users (id, login) values (18, 'Lilian');
insert into users (id, login) values (19, 'Estell');
insert into users (id, login) values (20, 'Mel');
insert into users (id, login) values (21, 'Ellen');
insert into users (id, login) values (22, 'Isidoro');
insert into users (id, login) values (23, 'Colas');
insert into users (id, login) values (24, 'Kendal');
insert into users (id, login) values (25, 'Pooh');
insert into users (id, login) values (26, 'Osbourne');
insert into users (id, login) values (27, 'Vania');
insert into users (id, login) values (28, 'Marissa');
insert into users (id, login) values (29, 'Romain');
insert into users (id, login) values (30, 'Marianne');
insert into users (id, login) values (31, 'Gris');
insert into users (id, login) values (32, 'Cordelia');
insert into users (id, login) values (33, 'Herculie');
insert into users (id, login) values (34, 'Abdel');
insert into users (id, login) values (35, 'Maire');
insert into users (id, login) values (36, 'Mirelle');
insert into users (id, login) values (37, 'Fons');
insert into users (id, login) values (38, 'Helga');
insert into users (id, login) values (39, 'Nertie');
insert into users (id, login) values (40, 'Cora');
insert into users (id, login) values (41, 'Leonelle');
insert into users (id, login) values (42, 'Desdemona');
insert into users (id, login) values (43, 'Ban');
insert into users (id, login) values (44, 'Andi');
insert into users (id, login) values (45, 'Aubree');
insert into users (id, login) values (46, 'Valentine');
insert into users (id, login) values (47, 'Devlin');
insert into users (id, login) values (48, 'Donny');
insert into users (id, login) values (49, 'Domenic');
insert into users (id, login) values (50, 'Dale');
insert into users (id, login) values (51, 'Janene');
insert into users (id, login) values (52, 'Wit');
insert into users (id, login) values (53, 'Giovanni');
insert into users (id, login) values (54, 'Bevan');
insert into users (id, login) values (55, 'Brandea');
insert into users (id, login) values (56, 'Karina');
insert into users (id, login) values (57, 'Ann-marie');
insert into users (id, login) values (58, 'Claude');
insert into users (id, login) values (59, 'Layney');
insert into users (id, login) values (60, 'Catarina');
insert into users (id, login) values (61, 'Collete');
insert into users (id, login) values (62, 'Anna-maria');
insert into users (id, login) values (63, 'Dody');
insert into users (id, login) values (64, 'Inglis');
insert into users (id, login) values (65, 'Ave');
insert into users (id, login) values (66, 'Cristie');
insert into users (id, login) values (67, 'Adina');
insert into users (id, login) values (68, 'Cozmo');
insert into users (id, login) values (69, 'Elva');
insert into users (id, login) values (70, 'Kiah');
insert into users (id, login) values (71, 'Vanda');
insert into users (id, login) values (72, 'Rayshell');
insert into users (id, login) values (73, 'Carley');
insert into users (id, login) values (74, 'Park');
insert into users (id, login) values (75, 'Stephannie');
insert into users (id, login) values (76, 'Lanny');
insert into users (id, login) values (77, 'Cristin');
insert into users (id, login) values (78, 'Gertrudis');
insert into users (id, login) values (79, 'Bar');
insert into users (id, login) values (80, 'Wendell');
insert into users (id, login) values (81, 'Kayla');
insert into users (id, login) values (82, 'Sebastien');
insert into users (id, login) values (83, 'Abdel');
insert into users (id, login) values (84, 'Rockwell');
insert into users (id, login) values (85, 'Homer');
insert into users (id, login) values (86, 'Ali');
insert into users (id, login) values (87, 'Ricky');
insert into users (id, login) values (88, 'Trudi');
insert into users (id, login) values (89, 'Carolyn');
insert into users (id, login) values (90, 'Adan');
insert into users (id, login) values (91, 'Sarah');
insert into users (id, login) values (92, 'Banky');
insert into users (id, login) values (93, 'Mary');
insert into users (id, login) values (94, 'Kele');
insert into users (id, login) values (95, 'Evvie');
insert into users (id, login) values (96, 'Gay');
insert into users (id, login) values (97, 'Jodie');
insert into users (id, login) values (98, 'Rivalee');
insert into users (id, login) values (99, 'Gaylene');
insert into users (id, login) values (100, 'Marylou');

-- Insert bets

insert into bet (id, placed_at, odds, stake, game_id, user_id) values (1, '2020-10-17 06:25:37', 3.98, 434.83, 84, 55);
insert into bet (id, placed_at, odds, stake, game_id, user_id) values (2, '2020-07-01 02:44:05', 3.3, 260.01, 49, 30);
insert into bet (id, placed_at, odds, stake, game_id, user_id) values (3, '2020-09-06 08:45:24', 1.6, 128.89, 45, 87);
insert into bet (id, placed_at, odds, stake, game_id, user_id) values (4, '2020-12-25 13:11:38', 1.38, 424.0, 62, 85);
insert into bet (id, placed_at, odds, stake, game_id, user_id) values (5, '2021-01-17 09:50:30', 1.35, 213.56, 97, 56);
insert into bet (id, placed_at, odds, stake, game_id, user_id) values (6, '2020-05-12 13:47:12', 3.96, 124.47, 21, 25);
insert into bet (id, placed_at, odds, stake, game_id, user_id) values (7, '2020-05-05 04:33:20', 1.43, 30.44, 36, 9);
insert into bet (id, placed_at, odds, stake, game_id, user_id) values (8, '2021-02-07 20:12:40', 3.97, 147.41, 2, 94);
insert into bet (id, placed_at, odds, stake, game_id, user_id) values (9, '2020-08-16 10:37:26', 4.04, 376.26, 60, 42);
insert into bet (id, placed_at, odds, stake, game_id, user_id) values (10, '2020-11-08 23:42:05', 1.11, 17.82, 92, 78);
insert into bet (id, placed_at, odds, stake, game_id, user_id) values (11, '2020-10-02 11:03:52', 1.12, 335.5, 96, 61);
insert into bet (id, placed_at, odds, stake, game_id, user_id) values (12, '2020-06-24 05:29:25', 4.06, 343.44, 58, 29);
insert into bet (id, placed_at, odds, stake, game_id, user_id) values (13, '2021-02-09 11:20:59', 3.89, 157.05, 11, 5);
insert into bet (id, placed_at, odds, stake, game_id, user_id) values (14, '2021-02-06 03:38:47', 1.5, 25.6, 84, 51);
insert into bet (id, placed_at, odds, stake, game_id, user_id) values (15, '2020-09-09 19:11:32', 2.73, 423.09, 67, 85);
insert into bet (id, placed_at, odds, stake, game_id, user_id) values (16, '2021-03-23 08:21:33', 3.84, 260.08, 45, 29);
insert into bet (id, placed_at, odds, stake, game_id, user_id) values (17, '2020-11-09 08:16:57', 3.44, 459.64, 78, 19);
insert into bet (id, placed_at, odds, stake, game_id, user_id) values (18, '2020-12-31 11:26:28', 1.16, 424.91, 84, 90);
insert into bet (id, placed_at, odds, stake, game_id, user_id) values (19, '2020-11-01 09:03:32', 1.03, 487.37, 62, 52);
insert into bet (id, placed_at, odds, stake, game_id, user_id) values (20, '2020-06-13 18:27:15', 1.01, 163.67, 17, 82);
insert into bet (id, placed_at, odds, stake, game_id, user_id) values (21, '2020-10-15 04:30:25', 3.4, 337.67, 68, 14);
insert into bet (id, placed_at, odds, stake, game_id, user_id) values (22, '2020-08-18 16:10:15', 2.58, 342.33, 8, 87);
insert into bet (id, placed_at, odds, stake, game_id, user_id) values (23, '2020-08-15 06:56:03', 1.7, 323.92, 60, 4);
insert into bet (id, placed_at, odds, stake, game_id, user_id) values (24, '2021-03-02 07:44:51', 1.88, 154.71, 35, 5);
insert into bet (id, placed_at, odds, stake, game_id, user_id) values (25, '2020-07-11 19:46:27', 4.02, 66.66, 73, 64);
insert into bet (id, placed_at, odds, stake, game_id, user_id) values (26, '2021-03-31 18:27:36', 4.81, 310.39, 18, 11);
insert into bet (id, placed_at, odds, stake, game_id, user_id) values (27, '2020-07-09 13:05:58', 2.32, 411.96, 2, 81);
insert into bet (id, placed_at, odds, stake, game_id, user_id) values (28, '2021-01-25 21:56:58', 1.79, 442.4, 94, 41);
insert into bet (id, placed_at, odds, stake, game_id, user_id) values (29, '2020-04-21 08:08:51', 2.04, 139.16, 39, 66);
insert into bet (id, placed_at, odds, stake, game_id, user_id) values (30, '2020-07-03 17:59:10', 4.96, 413.12, 12, 73);
insert into bet (id, placed_at, odds, stake, game_id, user_id) values (31, '2020-12-27 16:37:30', 1.22, 427.41, 59, 98);
insert into bet (id, placed_at, odds, stake, game_id, user_id) values (32, '2020-12-08 17:01:44', 1.95, 25.02, 86, 51);
insert into bet (id, placed_at, odds, stake, game_id, user_id) values (33, '2020-10-22 05:16:00', 2.09, 221.8, 45, 42);
insert into bet (id, placed_at, odds, stake, game_id, user_id) values (34, '2020-06-11 13:22:04', 3.11, 176.97, 58, 99);
insert into bet (id, placed_at, odds, stake, game_id, user_id) values (35, '2020-07-16 19:10:28', 3.08, 16.58, 98, 59);
insert into bet (id, placed_at, odds, stake, game_id, user_id) values (36, '2020-12-20 17:58:36', 3.75, 337.52, 28, 69);
insert into bet (id, placed_at, odds, stake, game_id, user_id) values (37, '2021-03-19 13:32:48', 2.76, 198.99, 100, 53);
insert into bet (id, placed_at, odds, stake, game_id, user_id) values (38, '2020-11-20 00:47:39', 4.35, 132.02, 30, 73);
insert into bet (id, placed_at, odds, stake, game_id, user_id) values (39, '2020-04-19 14:08:46', 2.38, 320.49, 30, 95);
insert into bet (id, placed_at, odds, stake, game_id, user_id) values (40, '2021-02-14 10:34:03', 2.5, 461.84, 43, 52);
insert into bet (id, placed_at, odds, stake, game_id, user_id) values (41, '2021-01-28 14:54:04', 3.84, 20.63, 76, 35);
insert into bet (id, placed_at, odds, stake, game_id, user_id) values (42, '2020-10-24 23:13:49', 2.4, 489.96, 31, 80);
insert into bet (id, placed_at, odds, stake, game_id, user_id) values (43, '2020-08-19 13:07:41', 2.2, 403.8, 5, 68);
insert into bet (id, placed_at, odds, stake, game_id, user_id) values (44, '2020-11-20 21:32:33', 3.55, 402.65, 39, 64);
insert into bet (id, placed_at, odds, stake, game_id, user_id) values (45, '2020-05-04 19:25:47', 1.17, 409.38, 95, 82);
insert into bet (id, placed_at, odds, stake, game_id, user_id) values (46, '2020-10-28 14:32:50', 1.54, 78.47, 10, 30);
insert into bet (id, placed_at, odds, stake, game_id, user_id) values (47, '2020-07-22 00:32:34', 4.27, 313.85, 80, 48);
insert into bet (id, placed_at, odds, stake, game_id, user_id) values (48, '2020-08-16 01:51:49', 4.39, 117.28, 66, 22);
insert into bet (id, placed_at, odds, stake, game_id, user_id) values (49, '2020-08-22 15:00:53', 2.91, 267.25, 97, 84);
insert into bet (id, placed_at, odds, stake, game_id, user_id) values (50, '2020-05-09 14:52:23', 1.76, 342.77, 95, 48);
insert into bet (id, placed_at, odds, stake, game_id, user_id) values (51, '2020-12-31 10:41:40', 2.18, 480.6, 1, 94);
insert into bet (id, placed_at, odds, stake, game_id, user_id) values (52, '2020-10-01 20:33:04', 3.11, 347.55, 57, 32);
insert into bet (id, placed_at, odds, stake, game_id, user_id) values (53, '2021-03-17 13:31:54', 1.03, 431.79, 31, 69);
insert into bet (id, placed_at, odds, stake, game_id, user_id) values (54, '2020-10-27 20:33:04', 1.13, 289.17, 51, 50);
insert into bet (id, placed_at, odds, stake, game_id, user_id) values (55, '2021-03-27 20:43:32', 4.27, 316.32, 95, 58);
insert into bet (id, placed_at, odds, stake, game_id, user_id) values (56, '2021-02-22 05:26:04', 3.82, 107.11, 31, 77);
insert into bet (id, placed_at, odds, stake, game_id, user_id) values (57, '2020-10-19 22:11:35', 3.54, 258.82, 79, 84);
insert into bet (id, placed_at, odds, stake, game_id, user_id) values (58, '2020-12-12 02:57:54', 2.79, 136.13, 9, 99);
insert into bet (id, placed_at, odds, stake, game_id, user_id) values (59, '2020-05-12 05:51:00', 2.82, 143.19, 30, 95);
insert into bet (id, placed_at, odds, stake, game_id, user_id) values (60, '2020-11-17 23:20:36', 4.8, 82.28, 30, 76);
insert into bet (id, placed_at, odds, stake, game_id, user_id) values (61, '2020-12-25 03:54:15', 1.23, 378.02, 29, 50);
insert into bet (id, placed_at, odds, stake, game_id, user_id) values (62, '2020-06-22 05:42:00', 3.07, 227.74, 39, 72);
insert into bet (id, placed_at, odds, stake, game_id, user_id) values (63, '2021-03-31 06:30:24', 1.64, 40.46, 53, 66);
insert into bet (id, placed_at, odds, stake, game_id, user_id) values (64, '2020-08-07 03:11:22', 1.93, 346.19, 49, 12);
insert into bet (id, placed_at, odds, stake, game_id, user_id) values (65, '2020-07-16 00:07:37', 4.84, 305.25, 59, 97);
insert into bet (id, placed_at, odds, stake, game_id, user_id) values (66, '2020-08-13 12:39:29', 2.31, 406.72, 76, 18);
insert into bet (id, placed_at, odds, stake, game_id, user_id) values (67, '2020-07-19 01:08:37', 2.12, 97.62, 71, 70);
insert into bet (id, placed_at, odds, stake, game_id, user_id) values (68, '2021-01-31 07:20:57', 4.64, 393.16, 60, 40);
insert into bet (id, placed_at, odds, stake, game_id, user_id) values (69, '2020-05-12 00:53:30', 4.89, 329.11, 6, 19);
insert into bet (id, placed_at, odds, stake, game_id, user_id) values (70, '2020-10-13 12:57:16', 4.62, 265.35, 85, 80);
insert into bet (id, placed_at, odds, stake, game_id, user_id) values (71, '2020-12-17 04:25:04', 4.53, 236.46, 74, 39);
insert into bet (id, placed_at, odds, stake, game_id, user_id) values (72, '2021-03-09 00:44:25', 5.0, 355.25, 35, 28);
insert into bet (id, placed_at, odds, stake, game_id, user_id) values (73, '2020-08-24 23:46:48', 3.48, 61.51, 1, 87);
insert into bet (id, placed_at, odds, stake, game_id, user_id) values (74, '2021-03-08 16:35:08', 3.43, 128.38, 98, 67);
insert into bet (id, placed_at, odds, stake, game_id, user_id) values (75, '2021-01-17 11:10:40', 4.27, 350.09, 71, 2);
insert into bet (id, placed_at, odds, stake, game_id, user_id) values (76, '2020-09-06 18:26:54', 3.77, 306.95, 43, 68);
insert into bet (id, placed_at, odds, stake, game_id, user_id) values (77, '2021-03-02 07:48:22', 2.45, 345.27, 24, 34);
insert into bet (id, placed_at, odds, stake, game_id, user_id) values (78, '2020-10-29 23:26:55', 4.06, 177.22, 70, 10);
insert into bet (id, placed_at, odds, stake, game_id, user_id) values (79, '2020-08-13 21:19:43', 4.59, 89.67, 47, 95);
insert into bet (id, placed_at, odds, stake, game_id, user_id) values (80, '2021-01-17 12:33:22', 4.1, 196.52, 26, 62);
insert into bet (id, placed_at, odds, stake, game_id, user_id) values (81, '2020-06-03 03:20:23', 1.69, 278.0, 5, 58);
insert into bet (id, placed_at, odds, stake, game_id, user_id) values (82, '2020-12-23 02:18:41', 3.71, 116.97, 43, 90);
insert into bet (id, placed_at, odds, stake, game_id, user_id) values (83, '2020-10-15 10:41:47', 3.99, 284.77, 62, 97);
insert into bet (id, placed_at, odds, stake, game_id, user_id) values (84, '2020-12-14 10:39:26', 1.81, 269.26, 47, 56);
insert into bet (id, placed_at, odds, stake, game_id, user_id) values (85, '2020-11-15 17:03:24', 1.62, 170.48, 44, 100);
insert into bet (id, placed_at, odds, stake, game_id, user_id) values (86, '2020-12-28 12:33:02', 1.95, 232.7, 22, 84);
insert into bet (id, placed_at, odds, stake, game_id, user_id) values (87, '2020-08-18 03:35:04', 2.49, 152.12, 14, 58);
insert into bet (id, placed_at, odds, stake, game_id, user_id) values (88, '2020-05-07 15:45:14', 4.81, 89.46, 24, 30);
insert into bet (id, placed_at, odds, stake, game_id, user_id) values (89, '2020-06-10 15:29:28', 3.36, 410.62, 51, 94);
insert into bet (id, placed_at, odds, stake, game_id, user_id) values (90, '2020-11-17 12:32:42', 3.03, 421.09, 96, 22);
insert into bet (id, placed_at, odds, stake, game_id, user_id) values (91, '2021-03-09 23:14:46', 4.07, 419.44, 30, 97);
insert into bet (id, placed_at, odds, stake, game_id, user_id) values (92, '2020-10-28 13:58:54', 2.61, 151.39, 39, 22);
insert into bet (id, placed_at, odds, stake, game_id, user_id) values (93, '2020-06-26 03:40:30', 1.91, 351.34, 100, 57);
insert into bet (id, placed_at, odds, stake, game_id, user_id) values (94, '2020-07-27 23:19:19', 4.49, 354.31, 91, 15);
insert into bet (id, placed_at, odds, stake, game_id, user_id) values (95, '2021-02-21 04:28:12', 4.9, 464.46, 66, 41);
insert into bet (id, placed_at, odds, stake, game_id, user_id) values (96, '2020-09-02 08:28:23', 4.46, 420.98, 56, 81);
insert into bet (id, placed_at, odds, stake, game_id, user_id) values (97, '2020-05-24 16:20:43', 3.2, 379.53, 72, 48);
insert into bet (id, placed_at, odds, stake, game_id, user_id) values (98, '2020-09-13 22:44:18', 3.43, 215.43, 88, 43);
insert into bet (id, placed_at, odds, stake, game_id, user_id) values (99, '2021-02-12 06:13:35', 1.52, 191.1, 36, 59);
insert into bet (id, placed_at, odds, stake, game_id, user_id) values (100, '2021-02-23 07:57:01', 3.45, 157.82, 47, 26);
